{
  "inputFile": "tmp/predictions_dump.json",
  "calibrator": "tmp/calibrator.json",
  "before": {
    "brier": 0.486085,
    "logloss": 0.8463683875149492,
    "count": 40
  },
  "after": {
    "brier": 0.3829852445424926,
    "logloss": 0.6872813653331604,
    "temperature": 0.362833
  }
}